Var1,n
aaa,3
aac,6
aace,1
aaci,2
aacn,1
aact,1
aad,6
aae,2
aah,6
aai,6
aaj,1
aak,3
aal,5
aamy,7
aan,6
aao,6
aap,6
aaq,6
aar,5
aas,1
aat,6
aau,6
aaus,5
aav,3
aaw,5
aay,2
aaz,6
aba,1
abaa,2
abab,6
abac,1
abad,6
abai,1
abaj,6
abal,6
abao,1
abau,2
abaz,6
abb,6
abc,6
abd,4
abf,10
abg,5
abh,5
abi,1
abj,6
abk,6
abl,5
abm,5
abn,6
abo,3
abq,9
abr,6
abra,3
abs,5
abt,5
abu,5
abw,1
abx,6
aby,6
abz,6
aca,1
acad,1
acb,5
acc,2
acd,6
ace,1
acf,1
acg,4
ach,5
aci,7
acj,1
ack,3
acl,2
acm,1
acn,1
aco,3
acp,2
acq,3
acr,2
acra,3
acti,1
actn,4
acu,2
acv,7
acw,6
acx,6
acy,4
acz,2
ade,2
adg,2
adi,2
adk,3
adn,3
ado,1
adt,3
aeh,2
aei,7
aep,1
aeq,2
aer,1
aeu,6
aex,3
afa,3
afd,2
afe,2
afg,1
afi,2
afl,8
afn,6
afo,2
afr,2
afs,3
afu,1
afw,2
agc,3
age,3
agn,8
agr,5
agy,2
aha,10
ahd,10
ahe,4
ahh,10
ahi,11
ahj,10
ahl,6
ahm,1
aho,1
ahp,10
ahr,10
ahu,4
ahy,10
ahz,2
ain,3
ais,4
aja,4
ajn,6
ajo,7
ajs,3
aka,2
ala,7
ali,9
all,1
alm,1
aln,3
alt,5
alv,3
amaa,5
amac,5
amad,5
amae,5
amag,5
amai,5
amal,5
amao,5
amb,5
amc,5
amd,4
amed,10
amf,1
amg,5
amh,5
ami,5
amim,2
amk,5
amm,4
amn,4
amo,2
amp,1
amq,3
amr,2
ams,6
amt,10
amu,3
amv,2
amw,1
amx,1
amy,3
amz,4
ana,4
anb,5
anh,1
ank,2
anl,9
anm,9
ano,6
ant,4
anx,11
aoc,2
aoe,8
aoi,4
aol,2
aos,1
apa,3
apac,2
apal,2
apb,1
apc,1
apd,1
ape,1
aper,1
apf,5
apg,5
aph,1
apha,1
apj,6
apk,5
apl,6
apm,1
apn,4
apo,1
app,2
apq,5
apr,4
aprs,1
aps,2
apt,5
apu,5
apv,1
apw,4
apx,5
apy,1
apz,5
aql,1
ara,3
arb,1
arc,5
ard,1
are,6
ari,2
arl,6
arm,6
aro,1
arp,2
arr,6
ars,2
art,5
arw,2
ary,2
arz,2
asa,9
asan,4
asb,5
asc,1
asd,3
ase,6
asf,6
asg,3
ash,1
asi,6
asj,7
asl,2
asm,5
asol,7
asp,5
asq,2
asr,9
ass,6
ast,1
asu,6
asv,5
asy,1
asz,4
ata,4
ate,3
atf,5
ati,9
atm,2
att,7
atu,4
aua,1
auh,4
aui,6
aun,4
aur,4
ava,4
avd,6
ave,1
avi,4
avl,6
avn,6
avo,1
avr,10
avs,7
avu,1
awa,5
awd,7
awo,5
axe,1
axl,6
axn,3
axo,1
axs,3
axy,3
aym,2
ayw,2
aza,5
azc,3
azi,4
azl,9
azo,4
baa,3
bab,1
babb,3
babc,3
babo,3
babr,3
babs,3
babt,3
babu,3
bac,6
bacb,9
bacc,3
baci,12
bacl,10
baco,8
bacp,9
bact,2
bacw,8
bacy,10
bad,5
badl,1
bado,1
bae,7
baf,1
bafe,2
bafh,1
baft,1
bafz,1
bag,10
bah,11
bai,11
baj,1
bajc,1
bak,1
bal,11
balm,10
bam,6
bama,10
bamb,10
bamc,9
bamf,9
bami,10
baml,9
bamn,9
bamp,9
bamt,8
bamy,7
ban,11
banc,2
bang,4
banh,10
bani,4
banl,4
banm,2
banr,11
bans,10
bant,10
banv,11
bao,10
bap,1
bapf,1
bapg,1
baph,1
bapu,1
bapw,1
baq,10
bar,11
barb,1
barc,1
bas,1
bast,2
bat,11
batr,8
bau,1
baus,2
bav,3
baw,1
bax,10
bay,9
baz,6
bbag,1
bbat,2
bbau,1
bbb,4
bbc,4
bbd,4
bbe,15
bbf,3
bbg,1
bbh,3
bbi,3
bbj,1
bbk,2
bbl,1
bbm,3
bbn,1
bbp,3
bbq,1
bbr,3
bbrc,2
bbrd,1
bbre,2
bbrj,2
bbrn,2
bbro,1
bbrs,3
bbru,2
bbrv,2
bbs,1
bbt,2
bbu,1
bbur,1
bbv,3
bbx,3
bby,13
bbz,1
bca,12
bcai,6
bcar,3
bcas,3
bcat,5
bcb,14
bcc,1
bcd,2
bce,13
bced,6
bcee,3
bcef,11
bcel,4
bcen,6
bceo,7
bcep,3
bcer,13
bcet,3
bcew,6
bcf,12
bcg,13
bch,6
bchi,1
bchr,1
bci,2
bcib,2
bcig,1
bcj,6
bck,1
bcl,7
bcm,6
bcn,6
bco,10
bcoa,10
bcon,5
bcor,3
bcp,1
bcq,13
bcr,14
bcs,3
bct,2
bcu,12
bcv,2
bcw,1
bcx,14
bcy,13
bcz,13
bde,4
bdf,3
bdh,3
bdl,5
bdn,1
bdo,7
bdu,1
beb,2
beba,1
bed,1
ben,1
beo,11
bex,1
bfa,3
bfb,3
bfg,6
bfl,1
bfn,6
bfr,6
bfs,6
bfv,2
bfz,1
bga,1
bgb,1
bgd,5
bge,7
bgf,6
bgl,5
bgn,1
bgo,5
bgp,5
bgr,2
bgs,1
bgu,5
bgy,8
bha,8
bhd,1
bhe,2
bhi,1
bhl,5
bhm,3
bhn,2
bho,3
bhr,1
bhs,2
bhu,2
bhy,1
bhz,3
bic,1
bid,3
bif,9
bii,3
bip,1
bja,1
bjp,2
bjs,10
bju,2
bka,5
bks,1
bla,2
blas,2
blb,3
blc,4
bld,7
ble,7
blep,2
blf,4
blg,1
blh,7
bli,7
blin,1
blj,4
blk,3
bll,3
blm,4
bln,4
blo,4
blon,4
blp,1
blq,1
blr,12
bls,4
blt,4
blu,1
blv,4
blw,4
blx,3
bly,3
blz,5
bma,4
bmab,4
bmae,4
bmaf,4
bmai,4
bmal,3
bmaq,3
bmaz,4
bmb,3
bmc,3
bmd,11
bme,3
bmee,3
bmeg,13
bmel,3
bmet,9
bmf,3
bmg,3
bmh,11
bmi,3
bmiy,1
bmj,5
bmk,5
bml,4
bmm,1
bmn,4
bmo,1
bmp,2
bmq,12
bmr,3
bmt,3
bmu,5
bmul,5
bmv,5
bmw,3
bmyc,14
bmyo,12
bmz,3
bnc,14
bne,2
bni,4
bnm,4
boa,5
boc,4
bok,4
bon,11
bop,1
bos,2
bov,3
bpa,3
bpak,1
bpar,3
bpb,6
bpc,3
bpd,4
bpe,3
bper,3
bpet,3
bpeu,3
bpf,7
bph,6
bpi,1
bpip,1
bpj,1
bpk,4
bpl,4
bpla,5
bpm,4
bpn,1
bpo,1
bpp,3
bpq,4
bpr,3
bprc,1
bprl,1
bprm,1
bps,4
bpsa,4
bpsc,6
bpsd,4
bpse,4
bpsh,4
bpsi,3
bpsm,4
bpso,4
bpsp,4
bpsu,4
bpt,3
bpum,8
bpus,2
bpv,3
bpw,1
bpx,6
bpy,6
bpyr,6
bpz,4
bql,7
bqr,2
bqu,2
bqy,9
bra,2
brad,1
brc,1
brd,2
bre,1
brg,2
brh,3
brl,1
brm,1
brs,1
brx,1
bsa,6
bsb,2
bsca,3
bsd,3
bse,7
bsf,3
bsg,2
bsh,10
bsi,3
bsj,14
bsk,3
bsl,10
bsm,11
bsn,9
bso,10
bsp,10
bsq,10
bsr,10
bss,8
bst,10
bsu,10
bsuc,3
bsui,3
bsul,10
bsup,3
bsus,8
bsut,10
bsuv,3
bsv,3
bsw,2
bsx,9
bsy,9
bsz,3
btb,14
btc,13
btd,4
bte,4
btf,14
btg,14
bth,5
btha,4
bthe,4
bthi,14
bthl,4
bthm,4
btho,3
bthr,13
btht,13
bthu,14
bthy,5
bti,12
btj,4
btk,14
btl,14
btm,15
btn,14
bto,6
btp,4
btq,4
btr,2
btra,6
btre,6
btrh,6
btrm,5
bts,5
btt,12
btu,1
btv,4
btw,14
btx,2
bty,12
btz,4
bua,1
bub,6
buc,1
bud,4
bue,6
bug,6
buh,1
buj,4
buk,6
bul,4
buo,5
bup,1
buq,6
bur,6
but,4
bva,1
bve,6
bvi,6
bvl,3
bvn,2
bvr,3
bvs,5
bvt,1
bvu,7
bvv,2
bwe,14
bww,1
bxb,6
bxe,6
bxh,7
bya,10
byi,6
byl,5
caa,2
cab,1
cabo,1
caby,1
cac,11
cace,6
cacn,1
cad,6
cae,11
caf,2
cag,3
cah,9
cai,3
caj,3
cak,2
calh,1
calo,3
calt,4
cama,7
camp,3
camr,3
camu,4
can,3
cao,5
cap,2
caq,1
car,4
carc,3
care,3
cart,1
cat,2
cau,3
cav,1
caw,8
cax,4
cay,11
caz,4
cba,8
cbaa,2
cbab,2
cbac,1
cbal,4
cbat,4
cbb,9
cbc,1
cbd,1
cbe,14
cbei,4
cbf,9
cbg,1
cbh,8
cbi,9
cbj,8
cbk,11
cbl,9
cbm,9
cbn,10
cbo,9
cbot,1
cbq,2
cbs,1
cbt,11
cbu,1
cbut,6
cbv,10
cbw,7
cbx,2
cby,9
cbz,13
cca,1
ccb,9
ccc,3
cce,8
ccel,4
ccf,3
ccg,4
ccj,4
cck,11
ccl,6
ccm,3
ccn,7
ccof,3
ccoi,3
ccol,4
ccon,7
ccoo,3
ccq,3
ccr,2
ccro,3
ccs,2
cct,1
ccu,3
ccup,4
ccx,3
ccy,3
ccz,2
cda,5
cdb,5
cdc,9
cdd,5
cde,5
cdf,11
cdh,5
cdi,5
cdiv,1
cdl,8
cdm,4
cdn,1
cdo,4
cdp,5
cdq,1
cdr,5
cds,5
cdt,5
cdv,5
cdw,5
cdx,6
cdz,5
cea,1
ceb,2
ced,7
cef,5
cei,4
cem,7
cen,7
ceo,2
cep,4
ces,2
cex,1
cey,1
cfd,8
cfe,1
cff,3
cfi,2
cfl,2
cfn,3
cfp,3
cfs,1
cft,3
cfu,3
cfv,1
cfx,3
cfz,3
cga,2
cgb,6
cgc,2
cgd,4
cgg,6
cgj,6
cgl,6
cgm,6
cgn,3
cgo,2
cgq,6
cgra,3
cgs,6
cgx,6
cgy,4
cgz,1
cha,3
chb,1
chc,1
chd,3
che,1
chel,2
chg,2
chh,1
chi,1
chl,3
chm,4
chn,4
chp,1
chq,2
chs,1
cht,1
chu,3
chy,4
chz,1
cid,2
cif,8
cih,1
cii,4
cij,1
cis,3
cja,3
cjb,3
cjd,3
cje,3
cjei,3
cjej,1
cjen,1
cjer,3
cjeu,1
cji,3
cjj,3
cjk,3
cjl,3
cjm,3
cjn,3
cjp,3
cjq,3
cjr,3
cjs,3
cju,3
cjv,3
cjw,3
cjx,3
cjy,2
cjz,3
cke,1
cki,3
ckl,7
ckn,3
cko,7
ckp,3
ckr,7
cku,4
cla,3
clb,8
clc,3
cld,9
cle,11
clg,1
clh,4
cli,2
clj,9
cll,3
clm,3
cln,3
clo,2
clp,1
clq,3
clr,3
cls,4
clt,8
clw,3
cly,4
clz,1
cma,1
cmai,1
cmar,2
cmc,2
cmd,4
cmg,2
cmh,2
cmik,1
cmj,7
cml,6
cmm,2
cmn,2
cmp,3
cmq,4
cmr,3
cmu,2
cmur,2
cmv,4
cmw,7
cmx,2
cmz,2
cna,1
cnc,5
cni,2
cno,10
cnt,7
coa,5
cob,3
coc,4
cod,4
coe,4
coi,4
col,4
com,9
con,2
coo,1
cop,4
cor,4
cos,4
cou,4
cow,3
coz,3
cpa,1
cpae,10
cpas,9
cpat,10
cpb,2
cpc,2
cpe,10
cpec,1
cpel,3
cpeo,1
cper,1
cpf,8
cpg,4
cph,2
cpi,6
cpk,4
cpl,4
cpm,1
cpn,1
cpo,2
cpor,1
cpp,4
cpq,4
cpra,3
cpro,2
cps,9
cpsa,1
cpsb,1
cpsc,1
cpsd,1
cpse,4
cpsf,4
cpsg,1
cpsi,1
cpsm,1
cpsn,1
cpst,1
cpsu,4
cpsv,1
cpsw,1
cpt,1
cpu,4
cpx,4
cpy,8
cpz,4
cra,2
crc,1
crd,3
crh,1
cri,1
crn,8
cro,7
crp,1
crt,1
cru,1
crv,1
csa,5
csb,12
csc,3
csd,3
cse,2
csf,3
csg,4
csh,6
csi,7
csj,7
csk,7
csm,3
csn,3
cso,1
csp,1
csq,9
csr,11
css,3
cst,6
csta,2
csu,1
csw,2
csx,4
csy,1
csz,7
cta,2
ctb,2
ctc,6
ctcf,2
ctch,2
ctcj,2
ctct,2
ctd,2
cte,2
ctec,2
cted,4
cter,5
ctes,9
ctet,5
ctf,2
ctfs,3
ctfw,2
ctg,2
cth,4
cthe,3
cthf,3
cthi,1
cthj,2
cti,5
ctjs,2
ctjt,3
ctk,2
ctla,2
ctlb,2
ctlc,2
ctlf,2
ctli,2
ctlj,2
ctll,2
ctlm,2
ctln,2
ctlq,2
ctls,2
ctlx,2
ctlz,2
ctm,1
ctmj,2
ctn,2
cto,2
ctq,2
ctr,2
ctra,2
ctrb,2
ctrc,2
ctrd,2
ctre,2
ctrf,2
ctrg,2
ctrh,2
ctri,2
ctrj,2
ctrk,2
ctrl,2
ctrm,2
ctrn,2
ctro,2
ctrp,2
ctrq,2
ctrr,2
ctrs,2
ctrt,2
ctru,2
ctrv,2
ctrw,2
ctrx,2
ctry,2
ctrz,2
cts,1
ctt,3
cttj,2
ctu,7
ctv,2
ctw,2
ctx,4
ctyk,1
cua,3
cub,1
cuc,4
cue,4
cui,7
cuj,4
cul,4
cum,1
cun,4
cuq,4
cur,3
cure,3
cus,4
cut,5
cuv,1
cuz,4
cva,6
cvc,2
cvi,8
cvo,3
cvt,5
cwo,1
cya,2
cyb,2
cyc,3
cyh,2
cyj,3
cyn,2
cyp,2
cyq,1
cyt,2
cyu,2
cza,1
daa,2
dab,3
dac,5
dae,10
daf,3
dai,9
dak,2
dal,2
dao,1
dap,2
dar,4
das,2
dat,6
dau,2
dav,2
dba,2
dbr,1
dca,8
dch,1
dda,7
ddc,7
ddd,7
dde,4
ddf,2
ddh,6
ddl,6
ddn,2
ddo,2
ddr,4
dds,3
deb,1
dec,3
ded,3
deg,1
deh,1
dej,1
del,5
den,1
deq,2
des,2
det,1
deu,2
dev,1
dew,1
dfd,1
dfe,4
dfi,3
dge,4
dgg,1
dgi,8
dgo,5
dhd,5
dhk,5
dhy,5
dia,3
din,3
dja,2
dji,2
dka,1
dko,2
dku,3
dly,1
dma,3
dmc,1
dmd,1
dmg,1
dmi,11
dml,2
dmr,4
dmt,8
dmu,1
dmx,1
dmy,1
dmz,1
dni,3
dno,3
doa,2
dok,3
dol,1
don,3
dor,8
dpb,1
dpd,4
dpg,2
dpi,3
dpn,2
dpr,2
dps,7
dpt,3
dra,3
drm,8
drs,4
drt,2
dru,5
dsa,5
dsf,3
dsh,2
dsl,3
dso,4
dsu,2
dsw,3
dsy,6
dte,2
dth,2
dti,1
dtm,1
dto,4
dts,5
dtu,2
dtx,2
duc,1
dva,1
dvg,5
dvl,5
dvm,4
dvu,5
dzc,7
dze,7
eaa,1
eab,7
eac,7
ead,5
eae,8
eah,5
eal,7
eam,7
ean,9
eao,5
ear,8
eas,7
eat,9
eau,8
eay,7
eba,4
ebd,7
ebe,7
ebf,9
ebh,1
ebi,7
ebl,7
ebr,7
ebs,2
ebt,8
ebw,7
eca,7
ecas,5
ecc,7
ecd,7
ece,7
ecf,7
ecg,7
ech,1
echa,1
echj,1
echl,1
echp,1
echs,1
echv,1
echw,1
eci,7
ecj,7
eck,7
ecl,7
ecla,8
eclc,8
ecle,8
eclg,8
ecli,8
ecln,8
eclo,1
eclx,8
ecly,8
eclz,8
ecm,7
ecn,1
eco,7
ecoa,6
ecoh,7
ecoi,7
ecoj,7
ecok,7
ecol,7
ecoo,7
ecos,7
ecp,7
ecq,7
ecr,7
ecs,7
ect,7
ecw,7
ecx,7
ecy,7
ecz,7
edh,7
edj,7
edl,9
edu,6
edw,8
eec,8
eel,5
een,1
efa,4
efau,6
efc,6
efd,4
efe,7
efi,4
efk,1
efl,4
efm,6
efn,4
efq,4
efs,4
eft,6
efu,6
ega,5
ege,7
egn,1
eha,3
ehh,1
ehm,4
eho,5
ehr,6
eic,8
eih,7
ekb,4
ekf,7
eko,7
elb,5
elc,7
eld,7
ele,3
elf,7
elg,4
elh,7
eli,1
ell,7
elm,5
eln,7
elo,7
elp,7
elq,1
elr,7
elu,7
elv,1
elw,7
elx,7
eme,1
emg,2
emi,1
emn,5
emr,1
emu,6
ena,7
enc,8
ene,1
enf,7
enl,8
enm,1
eno,8
enr,9
ent,7
enx,8
eoc,7
eoh,7
eoi,7
eoj,7
eok,7
eol,2
epr,7
epy,7
era,1
erb,3
ere,5
erg,1
erh,7
erj,7
erl,1
ers,3
ert,1
eru,1
erw,1
ery,1
esa,7
esc,7
ese,7
esi,9
esl,7
esm,7
eso,7
esr,1
ess,1
eta,7
etc,8
etd,8
ete,7
etr,8
etw,7
euc,1
eum,7
eun,7
euu,2
evi,4
exm,9
exu,9
eyy,2
faa,4
fac,1
fae,3
fai,1
fal,2
far,7
fau,4
fba,2
fbc,2
fbl,7
fbr,3
fbt,5
fbu,1
fcf,3
fcn,3
fco,5
ffo,1
fgl,3
fgu,3
fhi,1
fhw,2
fia,1
fil,1
fin,4
fis,1
fiy,1
fjg,3
fjo,6
fla,1
fli,3
flm,2
fma,4
fna,1
fnc,5
fne,5
fnl,3
fno,2
fnt,5
fnu,5
foh,1
for,1
fpa,1
fpc,6
fpe,2
fper,2
fph,3
fpi,3
fpj,3
fpk,1
fpl,1
fpla,2
fpm,3
fpn,7
fpo,6
fpp,4
fpq,1
fps,6
fpsz,2
fpt,3
fpv,1
fpw,1
fpx,3
fpy,6
fpz,3
fra,2
fre,3
frf,3
fri,3
fro,2
frp,1
frt,3
fsc,3
fsi,2
fsu,3
fsy,2
fta,3
ftc,3
ftd,3
fte,2
ftf,3
ftg,3
fth,3
fti,3
ftl,3
ftm,3
ftn,3
fto,3
ftq,3
ftr,3
fts,3
ftt,3
ftu,3
ftv,3
ftw,3
ftx,3
fty,3
ftz,3
fus,5
gac,1
gag,5
gah,1
gal,1
gan,6
gao,2
gap,4
gar,1
gau,1
gba,2
gbc,3
gbe,3
gbh,3
gbi,1
gbm,4
gbr,2
gbs,3
gca,3
gct,8
gdi,4
gdj,4
gea,10
geb,4
ged,1
gei,3
gej,9
gel,11
gem,4
gen,1
geo,2
gfe,9
gfl,2
gfo,3
ggh,10
gho,9
gjf,10
gka,9
glj,1
glo,2
glp,2
gma,1
gmc,10
gme,2
gni,4
gob,3
goh,5
goq,4
gor,3
got,4
gox,4
goy,4
gpa,1
gpb,3
gph,1
gpi,3
gpo,3
gps,6
grl,1
gsb,3
gse,8
gsk,2
gsn,4
gsr,9
gst,12
gsu,2
gta,1
gte,9
gth,10
gtk,3
gtn,10
gur,2
gva,2
gvg,2
gvh,2
gvi,1
gwc,10
gxl,5
gxy,5
gya,8
gyc,8
gym,8
haa,6
hab,3
hac,2
hah,2
hak,6
hal,1
halh,1
hali,1
halo,1
ham,6
hao,3
hap,6
har,2
has,4
hat,3
hau,5
hav,8
haz,1
hba,2
hbc,1
hbi,2
hbo,2
hbu,1
hca,2
hcb,2
hcc,1
hcd,1
hce,2
hch,5
hci,1
hcm,2
hcn,2
hco,1
hcp,2
hcr,1
hcs,6
hct,1
hda,1
hde,3
hdl,1
hdn,1
hdu,6
heb,2
hed,1
hef,2
heg,2
hei,2
hel,4
hem,2
hen,2
heo,2
hep,2
heq,2
her,2
hes,2
heu,2
hex,2
hey,2
hez,2
hgi,1
hha,2
hhb,1
hhd,7
hhe,1
hhi,3
hhl,5
hhm,1
hhn,3
hho,2
hhp,2
hhq,2
hhr,2
hhs,3
hhsr,1
hht,2
hhu,4
hhy,2
hia,7
hic,6
hie,6
hih,6
hik,6
hin,6
hip,6
hiq,6
hit,6
hiw,6
hix,6
hiz,6
hja,1
hjo,5
hla,3
hlc,2
hlr,2
hma,3
hmc,1
hme,2
hmo,8
hmr,2
hmu,3
hna,2
hne,1
hni,1
hoe,2
hoh,2
hor,4
hpa,2
hpak,6
hpas,6
hpaz,5
hpb,2
hpc,2
hpd,2
hpe,2
hpf,2
hpg,2
hph,2
hpi,1
hpk,4
hpl,2
hpm,2
hpo,2
hpp,2
hpq,1
hps,2
hpt,2
hpu,2
hpv,2
hpw,1
hpx,2
hpy,2
hpya,2
hpyb,2
hpyc,2
hpyd,2
hpye,2
hpyf,2
hpyg,2
hpyh,2
hpyi,2
hpyj,2
hpyk,2
hpyl,2
hpym,2
hpyo,2
hpyr,2
hpys,2
hpyu,2
hpz,2
hrb,3
hru,2
hsd,1
hse,3
hsf,1
hsi,1
hsl,1
hsm,5
hso,5
hsu,1
hsw,1
hsz,1
hte,1
hth,1
hti,1
htu,3
hty,2
hut,1
hvo,2
hwa,1
hwc,2
hxa,3
hya,2
hyb,1
hyd,1
hye,1
hyg,1
hyl,1
hym,4
hyp,2
hyr,2
hys,2
iag,1
ial,1
ibu,2
ica,2
icp,3
ido,2
iho,1
iis,1
ili,4
ilo,4
ipa,3
ipo,8
iva,3
jab,10
jag,1
jal,5
jan,1
jaz,4
jda,3
jde,5
jeo,9
jep,2
jeu,5
jte,1
kal,3
kba,5
kbl,3
kbt,3
kci,3
kco,3
kcr,1
kct,3
kde,3
kdi,3
kfl,2
kfv,1
kga,3
kge,2
kin,7
kki,4
kko,2
kle,7
kln,7
kmi,7
kna,2
koc,8
koe,8
kok,8
kol,2
kom,8
kon,3
kor,5
kox,8
koy,8
kpa,8
kpb,8
kpc,8
kpe,8
kpf,1
kpg,8
kph,8
kphy,3
kpi,8
kpj,8
kpl,3
kpm,8
kpn,8
kpne,9
kpnu,8
kpo,8
kpp,8
kpq,8
kpr,7
kps,8
kpt,8
kpu,8
kpv,8
kpw,8
kpx,8
kpy,8
kpz,8
kqu,8
kra,4
krd,7
krh,3
ksa,7
ksd,1
kse,2
ksk,9
kur,9
kva,8
kvd,8
kvl,5
kvq,8
kvu,5
laa,3
lab,1
lac,4
lacy,2
lad,4
lae,4
laf,4
lag,6
lagg,1
lai,4
laj,1
lal,4
lam,4
lan,2
lao,6
lap,3
laq,1
lar,3
las,3
lat,3
lau,3
law,4
lax,8
lay,4
laz,4
lba,5
lbf,2
lbh,5
lbi,2
lbj,2
lbl,2
lbn,5
lbr,5
lbt,3
lbu,9
lby,3
lca,5
lcc,3
lce,5
lch,2
lci,4
lcl,5
lcn,4
lcp,2
lcr,4
lcs,5
lct,1
lcu,2
lcw,5
lcx,5
lcz,5
ldb,9
lde,9
ldl,9
lec,4
led,2
leg,2
lem,1
len,1
leo,4
lep,2
let,2
lez,2
lfa,4
lfc,3
lfe,5
lff,5
lfi,2
lfp,2
lfr,5
lfu,13
lga,6
lge,4
lgl,5
lgn,3
lgr,5
lgs,4
lgu,2
lgv,5
lgy,10
lha,4
lhd,4
lhe,4
lhh,4
lhi,4
lhk,7
lhl,4
lho,4
lhr,4
lhv,4
lia,6
lic,2
lie,2
lih,3
lii,6
lil,2
lim,2
lin,6
lio,6
lir,2
lis,2
liv,6
liw,6
lje,1
ljf,4
ljh,4
ljn,4
ljo,6
lki,4
lko,6
lku,5
lla,6
llc,6
lld,6
lle,2
llf,4
lli,6
llj,6
llk,6
llm,1
lln,6
llo,4
llr,6
lls,6
llt,6
llu,4
llw,6
llx,6
lmc,6
lmd,5
lme,4
lmf,6
lmg,6
lmh,6
lmj,5
lmk,4
lml,6
lmm,4
lmn,5
lmo,6
lmoa,6
lmob,6
lmoc,6
lmod,6
lmoe,6
lmog,6
lmoi,2
lmoj,5
lmok,6
lmol,6
lmom,6
lmon,6
lmoo,6
lmoq,4
lmos,6
lmot,6
lmow,6
lmox,6
lmoy,6
lmoz,6
lmp,6
lmq,6
lmr,5
lms,6
lmt,6
lmu,8
lmv,6
lmw,6
lmx,6
lmy,5
lmz,6
lok,3
lor,7
lpa,3
lpap,3
lpar,1
lpb,5
lpc,3
lpd,1
lpe,3
lpf,3
lph,3
lpi,5
lpj,5
lpk,4
lpl,5
lpm,2
lpn,3
lpo,3
lpp,3
lpq,5
lpr,5
lps,5
lpt,5
lpu,3
lpx,1
lpz,5
lra,5
lrc,5
lre,6
lrf,6
lrg,5
lrh,5
lrl,5
lrm,6
lro,5
lrr,6
lrt,6
lru,6
lrz,1
lsa,7
lsg,6
lsi,7
lsj,7
lsl,7
lsn,7
lso,3
lsp,10
lst,2
lul,1
lut,1
lvn,1
lwe,6
lxx,1
lxy,1
maa,2
maad,3
mab,1
mabb,1
mabl,1
mabo,1
mac,3
mad,3
mae,2
maf,1
mag,2
maga,2
magq,2
magx,2
mah,3
mai,1
mak,1
mal,2
malg,2
mam,2
mamo,2
man,1
mao,1
maq,3
maqu,11
mar,2
marc,1
marg,1
mari,3
marm,1
marr,3
mars,6
mart,2
mas,3
masw,8
mat,1
mau,3
mav,1
mava,1
mavd,1
mavi,1
mavr,1
mavu,1
max,1
may,1
maz,1
mba,3
mbac,2
mbak,2
mbar,3
mbat,1
mbb,1
mbc,1
mbf,1
mbg,1
mbh,1
mbi,2
mbj,1
mbk,1
mbl,4
mbm,1
mbn,1
mbo,1
mbp,2
mbq,1
mbs,3
mbt,1
mbu,3
mbv,2
mbw,3
mbx,1
mby,3
mbz,1
mca,2
mcac,2
mcai,2
mcan,2
mcas,1
mcat,4
mcb,2
mcd,2
mce,1
mcg,1
mch,5
mche,1
mci,2
mcj,2
mck,1
mcl,4
mcm,2
mcn,1
mco,1
mcp,2
mcq,1
mcr,2
mcs,4
mct,4
mcu,2
mcub,2
mcv,1
mcw,1
mcx,1
mcy,3
mcz,1
mdh,3
mdi,5
mdn,3
mds,1
mea,5
mear,1
meb,3
mec,3
med,7
mef,3
meh,3
mei,2
mej,3
mek,3
mel,2
mem,1
mema,1
men,1
meo,1
mep,2
meq,3
mer,1
mes,2
meso,2
met,6
meta,5
metc,2
meth,2
metm,3
metr,2
meu,2
mev,2
mew,3
mex,5
mey,3
meye,1
mez,2
mfa,2
mfc,2
mfe,2
mfi,2
mfl,2
mfm,2
mfo,1
mfq,1
mfr,2
mfs,2
mft,2
mfu,3
mfv,2
mfw,2
mga,2
mgac,2
mgan,2
mgb,1
mgc,1
mge,1
mgf,2
mgh,2
mgi,2
mgm,3
mgn,2
mgnc,2
mgo,2
mgq,1
mgs,2
mgt,2
mgu,1
mgv,2
mgw,2
mgx,1
mgy,2
mgz,2
mha,1
mhad,1
mhae,6
mhal,6
mham,6
mhao,6
mhaq,6
mhat,6
mhay,6
mhaz,1
mhb,1
mhc,3
mhd,3
mhe,1
mhf,1
mhh,1
mhi,1
mhj,1
mhl,1
mhm,1
mhn,1
mho,2
mhom,2
mhor,2
mhp,1
mhq,6
mhr,1
mhs,1
mht,6
mhu,4
mhv,1
mhx,6
mhy,1
mhyl,1
mhyo,1
mhz,2
mia,1
mic,4
micc,1
mid,1
mie,1
mif,2
mig,2
mil,3
mim,2
min,1
mio,2
mip,1
mir,1
mit,1
miu,2
mix,1
miz,1
mja,2
mjd,2
mjh,1
mjl,2
mka,1
mki,1
mkm,2
mkn,1
mks,1
mla,3
mlc,2
mle,1
mlh,2
mli,1
mln,1
mlo,2
mlq,3
mls,3
mlt,2
mlu,1
mma,3
mmac,2
mmae,1
mmak,1
mmao,2
mmar,3
mmaz,3
mmb,2
mmc,2
mmd,2
mme,7
mmed,1
mmet,3
mmg,2
mmh,3
mmi,1
mmil,1
mmj,1
mmk,7
mml,2
mmm,1
mmn,1
mmo,1
mmp,3
mmq,3
mmr,2
mms,2
mmt,3
mmv,1
mmw,8
mmx,3
mmy,2
mmyi,1
mmym,2
mmz,3
mne,2
mno,7
mnr,7
mod,4
moi,4
mok,2
mol,1
mop,2
mor,4
mos,4
mov,2
mox,1
mpal,1
mpb,1
mpc,8
mpd,2
mpe,1
mpf,2
mpg,2
mph,1
mphl,1
mpi,2
mpj,1
mpk,1
mpl,3
mpm,1
mpn,1
mpo,5
mpq,3
mpro,1
mps,4
mpu,1
mpur,3
mput,2
mpv,1
mpw,5
mpx,4
mpy,3
mpz,3
mra,1
mrb,2
mrd,6
mre,2
mrh,2
mrm,2
mro,1
mrs,2
mru,2
msa,2
msb,2
msc,1
msd,3
mse,1
msg,2
msh,2
msi,2
msj,2
msl,2
msm,2
msn,2
mso,1
msp,2
msq,3
msr,1
mss,1
mst,4
msu,6
msv,2
msw,1
msx,1
msy,2
msz,2
mta,1
mtb,1
mtd,1
mte,1
mtf,1
mtg,1
mth,2
mthd,3
mthe,3
mthr,3
mti,1
mtj,1
mtk,1
mtl,1
mtn,1
mto,1
mtp,2
mtq,1
mts,2
mtt,2
mtu,1
mtub,1
mtuc,1
mtue,1
mtuh,1
mtul,1
mtur,1
mtut,1
mtuu,1
mtv,1
mtx,1
mtz,1
mul,1
mup,1
mva,2
mvc,3
mvd,1
mve,6
mvg,6
mvi,6
mvn,4
mvo,2
mvq,1
mvr,6
mvs,11
mvu,2
mwe,1
mwo,2
mxa,4
myc,1
mye,2
mym,4
myo,1
myr,8
mys,1
myt,2
myv,2
myz,5
mzh,3
nae,1
nal,5
nam,4
nar,3
nat,3
naz,4
nbr,3
nbv,1
nca,2
nch,1
nco,1
ncy,3
nda,5
nde,1
ndk,1
ndl,1
ndo,2
nel,4
net,1
neu,2
nev,1
nfa,3
nga,1
nge,3
ngg,3
ngk,4
ngl,3
ngo,4
nha,1
nhl,2
nhm,1
nia,1
nid,1
nii,1
nin,1
nir,1
nis,3
nit,1
nko,3
nkr,1
nla,4
nmd,4
nme,4
nmg,3
nmh,4
nmi,4
nml,2
nmm,4
nmn,4
nmo,1
nmp,4
nmq,4
nmr,1
nms,4
nmt,4
nmu,1
nmv,1
nmw,4
nmx,4
nmz,4
nno,3
noa,1
noc,2
nom,1
non,1
nop,5
nos,4
nou,4
npe,3
nph,1
npn,3
npp,3
npu,4
nre,3
nri,1
nsa,2
nse,1
nsl,1
nso,2
nsr,2
nth,4
ntr,1
nur,1
nvn,1
nwa,2
nwe,4
nwi,1
nzs,2
oac,3
oah,4
oai,5
oan,4
oar,2
oat,2
oca,1
oce,7
ocg,1
oco,1
oho,2
oih,7
olo,1
ols,1
oni,2
ooe,2
opo,8
opr,2
ops,5
orh,3
ori,3
osp,4
ote,1
otm,1
oto,3
ots,1
ott,1
ova,3
paa,1
pab,1
paby,1
pac,3
paca,2
pacc,3
pace,4
pach,3
paci,5
pacn,3
pad,2
pae,4
paea,10
paeb,4
paec,4
paee,10
paef,10
paeg,4
paeh,9
paei,4
paej,10
pael,4
paem,4
paen,10
paeo,4
paep,4
paeq,10
paer,4
paes,4
paeu,1
paev,4
paf,4
pag,4
pagc,2
pagg,7
pah,2
pai,1
paj,7
pak,3
palc,3
pali,5
palk,6
paly,1
pam,7
pami,4
pana,9
panp,7
pant,7
pao,7
pap,4
papi,3
paq,7
par,4
pary,3
pas,1
pat,5
pato,7
patr,7
pau,4
pav,3
paw,3
pax,3
pay,7
paz,3
pba,5
pbb,5
pbc,5
pbd,10
pbh,3
pbj,9
pbm,4
pbo,4
pbr,1
pbs,2
pbt,2
pbv,9
pbw,8
pca,2
pcc,7
pce,4
pch,5
pci,6
pck,3
pcl,1
pcm,5
pcn,3
pcp,5
pcq,1
pcr,4
pct,7
pcv,7
pcz,5
pdc,12
pde,2
pdf,12
pdg,11
pdi,7
pdk,4
pdl,1
pdm,4
pdn,4
pdo,2
pdq,1
pdr,5
pdt,5
pdu,9
pdx,3
pec,7
pecq,1
ped,4
pef,1
pel,1
pen,7
peo,1
pep,4
pes,5
pfb,6
pfc,6
pfe,5
pff,6
pfg,4
pfi,1
pfl,5
pfm,1
pfn,6
pfo,6
pfq,7
pfre,2
pft,9
pfu,1
pfus,4
pfv,4
pfw,6
pfx,1
pfz,5
pga,4
pgb,9
pgd,4
pge,7
pgi,4
pgl,4
pgm,10
pgn,4
pgt,4
pgv,2
pha,9
phc,10
phe,3
phh,1
phl,2
phm,1
phn,2
pho,1
php,1
phy,1
pia,8
pih,12
pin,10
pis,1
pit,4
pjd,12
pkc,4
pko,4
pkr,4
pkt,6
pku,9
pla,1
plb,1
plc,1
pld,1
ple,1
plf,7
pli,1
pll,9
plm,2
pln,8
plo,1
plp,3
plr,1
plt,2
plu,7
plv,8
ply,1
plz,1
pma,1
pman,6
pmar,9
pmb,1
pmc,1
pme,1
pmf,2
pmg,1
pmh,1
pmi,1
pmib,7
pmic,3
pmj,1
pmk,4
pml,2
pmm,1
pmn,1
pmo,2
pmon,6
pmos,7
pmot,6
pmp,6
pmq,14
pmr,7
pms,13
pmt,3
pmuc,2
pmul,6
pmv,6
pmw,13
pmx,2
pmy,4
pmz,4
pna,2
pnc,4
pne,1
pnp,11
pnr,4
pns,2
pnu,1
pob,1
pod,10
pog,1
pol,1
pom,2
por,5
porl,1
pow,6
pox,4
poy,2
ppac,2
ppar,3
ppb,7
ppc,2
ppd,4
ppe,5
ppen,5
ppeo,13
ppf,6
ppg,7
pph,3
pphe,9
pphr,3
ppi,6
ppj,7
ppk,4
ppm,13
ppn,3
ppnm,4
ppno,4
ppo,14
ppol,12
ppoy,15
ppq,13
ppr,15
pprc,5
ppro,5
ppse,4
ppsy,8
ppt,6
ppu,7
ppud,5
ppuh,7
ppul,4
ppun,7
pput,5
ppuu,7
ppv,7
ppw,7
ppx,4
ppy,12
ppz,5
pra,3
prb,4
prc,1
pre,5
prg,3
prh,6
pri,9
prl,1
prm,1
prn,1
pro,4
proc,1
prp,4
prr,10
prt,9
pru,4
prw,5
psa,4
psab,9
psac,1
psb,5
psc,4
psd,1
pse,8
psea,4
psec,7
psee,4
pseh,3
psem,5
pseo,7
pseq,1
pses,6
pseu,2
psf,6
psg,4
psh,4
pshi,11
psi,7
psim,2
psj,4
psk,5
psl,1
psm,8
psn,4
pso,4
psos,6
psp,5
pspg,4
pspi,2
pspu,4
pspw,2
psr,4
pst,5
psta,3
pste,11
psts,4
pstt,4
pstu,4
psty,1
psu,2
psul,4
psuw,1
psv,7
psw,6
psx,7
psy,10
psyc,1
psyg,2
psyr,5
psz,4
pta,9
pth,2
ptl,10
ptn,9
pto,1
ptp,2
ptq,3
ptt,7
ptv,5
ptx,2
pub,1
puf,15
pul,6
pur,6
put,2
puv,3
pva,7
pve,4
pvi,1
pvl,7
pwa,7
pws,5
pxl,12
pya,1
pyc,1
pye,1
pyn,1
pyr,1
pys,1
pyw,1
pzu,1
raa,7
rab,1
rac,1
rae,3
raf,1
rag,3
rah,7
rai,3
rak,1
ral,4
ram,1
ran,3
raq,7
rar,3
rat,1
rau,1
rav,4
rba,1
rbar,1
rbc,2
rbe,1
rbi,2
rbm,2
rbn,1
rbo,1
rbr,1
rbt,1
rbu,2
rca,2
rcc,1
rce,4
rch,1
rci,3
rcm,1
rco,1
rcp,4
rde,1
rdn,3
rdp,4
reb,5
rec,3
red,2
reh,5
rei,3
rel,3
rep,3
rer,5
ret,3
reu,6
rey,4
rfa,2
rfe,1
rfr,2
rga,3
rge,3
rgi,1
rha,4
rhb,4
rhd,2
rhe,1
rhi,3
rhm,1
rhn,3
rho,4
rhp,1
rht,1
rhy,1
rhz,1
rim,1
rin,3
rip,2
rir,4
riv,3
rix,1
rja,1
rla,1
rlb,3
rlg,3
rli,1
rlt,3
rlu,3
rma,1
rmb,4
rmc,1
rme,4
rmg,1
rmi,1
rmm,1
rmn,2
rmo,1
rmr,1
rms,1
rmu,3
roa,4
rob,1
ron,8
rop,4
ror,8
rpa,2
rpb,1
rpc,2
rpd,2
rpe,2
rpf,3
rpg,1
rph,1
rpha,1
rpi,3
rpj,6
rpk,1
rpl,1
rpla,1
rpm,1
rpn,1
rpo,1
rpp,1
rpq,1
rpr,1
rps,1
rpt,2
rpv,1
rpw,1
rpx,2
rpy,4
rpz,1
rra,1
rrb,1
rrc,1
rre,1
rrf,4
rrh,1
rri,1
rrj,1
rrm,1
rrn,1
rrp,1
rrr,1
rrs,2
rru,4
rsa,2
rsb,1
rsc,3
rsd,1
rse,4
rsh,4
rsi,2
rsk,4
rsl,3
rsm,4
rsn,3
rso,8
rsp,3
rsq,4
rst,12
rsu,3
rsv,1
rsw,1
rta,1
rtb,1
rtc,1
rti,4
rtn,2
rto,1
rtr,3
rtt,1
rtx,2
rty,1
rud,1
ruf,2
ruk,1
rus,4
rva,2
rxy,1
saa,5
saal,1
sab,5
sac,6
saci,8
sacn,1
sacr,1
sacs,1
sacz,3
sad,5
sae,5
saf,2
sag,7
saga,3
sagc,6
sage,7
sagg,7
sagi,7
sagl,6
sagm,7
sagn,7
sagp,6
sagq,5
sagr,7
sags,6
sagt,7
sah,6
sai,1
saj,6
sak,7
sal,1
salb,7
sali,1
sall,5
sals,6
salt,3
salu,7
salv,4
sam,6
samb,6
same,1
samy,2
san,7
sanc,4
sang,4
sans,4
sao,5
sap,5
sapi,1
saq,3
sar,5
sat,1
satk,2
satr,1
sau,5
saua,4
saub,6
sauc,5
saud,6
saue,5
sauf,6
saug,5
saui,6
sauj,5
sauk,5
saum,1
saun,5
sauq,5
saur,5
saus,5
saut,5
sauu,5
sauv,5
sauw,5
saux,5
sauy,5
sauz,5
sav,5
saw,5
sax,5
say,5
saz,8
sba,2
sbac,2
sbb,10
sbc,7
sbd,2
sbe,1
sbg,7
sbh,6
sbl,10
sbm,10
sbn,10
sbo,7
sbp,10
sbs,10
sbt,10
sbu,4
sbv,7
sbw,3
sbz,7
sca,5
scap,6
scb,6
scc,3
scd,3
scf,4
scg,4
sch,3
sci,6
scj,1
scl,4
sclf,1
scn,4
sco,6
scon,4
scos,4
scp,4
scq,1
scr,1
scs,2
sct,6
scu,4
scv,1
scw,6
scx,2
scy,6
scz,6
sda,5
sdc,5
sde,2
sdf,1
sdg,5
sdi,1
sdl,3
sdn,8
sdq,5
sdr,2
sds,5
sdt,5
sdy,7
sdz,1
sea,7
seb,7
sec,7
sect,1
sed,7
seds,2
see,7
seeb,8
seec,7
seeh,7
seen,8
seep,7
sef,7
sega,7
seh,7
sehc,1
sei,7
sej,7
sek,7
sel,7
sele,4
selo,2
sem,7
sen,4
sena,5
senc,7
send,7
sene,7
senh,7
seni,7
senj,7
senl,7
senm,1
senn,7
seno,6
senq,5
senr,4
sens,7
sent,7
senv,7
seo,7
seon,2
sep,5
sepp,4
seps,6
seq,5
seqo,7
sequ,5
ser,6
serf,7
seri,1
serj,1
sers,7
ses,5
sesp,4
set,7
setc,7
setu,7
seu,6
sev,7
sew,7
sex,7
sey,7
sez,5
sezo,5
sfa,6
sfc,3
sfd,3
sfe,7
sfg,6
sfh,3
sfi,6
sfl,7
sfn,7
sfo,7
sfr,9
sfs,7
sfu,2
sfv,7
sfw,7
sfx,7
sga,6
sgb,1
sgc,7
sgg,7
sgi,1
sgl,7
sgn,3
sgo,4
sgp,4
sgr,6
sgs,1
sgt,5
sgu,6
sgy,4
sha,5
shal,2
shb,6
shc,1
shd,2
she,9
shg,4
shh,5
shi,2
shl,10
shm,9
shn,9
sho,6
shp,8
shq,7
sht,2
shu,6
shv,4
shw,8
shy,6
shz,3
sia,1
sib,4
sic,1
sid,1
sie,4
sif,6
sig,2
sih,1
sii,1
sij,2
sik,4
sil,3
sim,1
sin,1
sinb,1
sio,4
sip,3
siq,4
sir,1
sis,1
sit,5
siu,4
siv,12
six,3
siy,1
siz,5
sje,7
sjj,4
sjp,3
ske,4
skn,1
sku,3
slc,1
sle,4
slg,6
slh,3
sli,4
sll,1
slm,1
sln,5
slo,8
slp,2
slq,8
slr,2
slt,2
slu,6
slv,6
sma,6
smac,7
smaf,7
smag,1
smar,7
smaz,1
smb,4
smc,5
smd,3
sme,3
smeg,3
smel,3
smer,3
smf,5
smg,1
smh,1
smi,3
smia,1
smir,1
smj,5
smk,3
smn,6
smon,2
smq,3
smr,1
sms,1
smt,4
smu,5
smua,5
smub,1
smue,1
smul,2
smum,1
smup,1
smut,5
smv,1
smw,7
smx,3
smy,2
smz,4
sna,2
snc,4
snd,4
sne,4
sng,1
snj,2
snm,4
sno,1
snp,4
sns,1
snt,4
snu,4
snx,4
sod,7
soi,4
sol,1
son,9
sor,4
sox,1
soz,6
spa,6
span,1
spas,5
spav,2
spb,6
spc,8
spd,4
spe,7
spf,6
spg,6
sph,6
sphb,2
sphg,2
sphi,2
sphk,1
sphl,1
sphm,2
sphn,2
sphp,1
sphr,3
spi,6
spiu,1
spj,6
spk,6
spl,11
sply,4
spm,6
spmi,2
spne,4
spng,4
spnm,4
spnn,4
spno,4
spnu,4
spoi,2
spor,4
spp,4
spq,6
spr,4
spri,6
sps,5
spsy,10
spt,7
spv,4
spw,4
spx,4
spy,6
spya,6
spyh,6
spym,5
spyo,6
spz,6
sra,7
srb,1
srd,3
srh,1
sri,7
srl,7
srm,1
srn,1
sro,6
srp,4
srr,7
srs,7
srt,1
sru,1
srw,1
sry,7
srz,1
ssa,4
ssab,2
ssah,1
ssal,1
ssan,3
ssb,4
ssch,6
sscz,6
ssd,6
ssdc,1
sse,12
ssf,4
ssg,4
ssi,4
ssif,6
ssil,12
ssk,4
ssm,2
ssn,7
sso,1
ssoa,1
ssof,1
ssol,1
ssp,6
ssq,4
ssr,6
sss,4
sst,4
ssu,4
ssui,4
ssus,4
ssut,4
ssuy,4
ssv,4
ssw,4
ssx,6
ssy,2
ssyr,1
ssz,1
sta,2
stai,1
stax,3
stb,5
std,1
ste,6
stek,4
ster,1
stf,6
stg,5
sth,6
sthe,5
sths,1
sti,2
stj,6
stk,5
stm,7
stn,5
sto,1
stp,3
stq,2
str,4
strc,5
stre,7
strf,3
strm,7
strp,6
strs,6
strt,1
stsi,2
stt,7
stu,6
stv,1
stw,5
stx,5
sty,7
stz,6
sua,4
suam,2
sub,5
suc,5
sud,6
sue,5
suf,4
suh,4
sui,4
suj,5
suk,5
sul,3
sula,1
sulr,4
sum,1
sun,3
suo,4
sup,4
suq,6
sur,2
sus,2
sut,5
suu,5
suv,5
suw,5
sux,5
suy,5
suz,5
sve,3
svi,3
svl,6
svo,14
svt,7
swa,5
swd,10
swi,2
swo,3
swp,8
sxi,1
sxl,7
sxo,6
sxy,4
syb,3
syc,2
syd,2
sye,2
syf,2
syg,2
syh,2
syi,1
syj,2
syn,2
synd,3
syne,1
synk,1
synp,2
synr,2
syp,2
syq,2
syr,1
sys,2
syt,2
syu,2
syw,2
syx,2
syy,2
syz,2
sze,3
taa,2
tae,1
taf,3
tag,1
tah,1
tai,3
tal,1
tam,3
tao,2
tap,8
taq,2
tar,1
tas,3
tau,8
taz,2
tba,1
tbd,2
tbe,4
tbi,4
tbn,1
tbo,4
tcb,1
tch,1
tcm,1
tco,5
tcu,4
tcx,3
tcy,2
tde,2
tdi,6
tdn,4
tea,3
tee,1
tel,1
ten,2
tep,2
teq,3
ter,2
tes,1
teu,1
tex,4
tez,1
tfa,2
tfl,2
tfo,2
tfu,4
tga,1
tgr,1
tgy,1
tha,1
thal,1
thb,1
thc,2
thd,1
the,1
thf,1
thg,1
thi,1
thl,5
thm,1
thn,1
tho,1
thq,1
thr,1
ths,1
thu,4
thv,1
thw,1
thx,4
thz,1
tid,2
tig,1
tin,1
tit,4
tjr,3
tki,1
tkm,1
tko,1
tle,1
tli,3
tlt,1
tma,1
tmb,2
tmc,3
tme,4
tmi,1
tmm,1
tmo,4
tmq,1
tmr,2
tmt,4
tmw,1
tmx,1
tmz,4
tna,1
tne,1
tni,1
tnp,1
tnr,2
tnu,1
toc,3
toh,1
tol,4
tom,1
ton,1
top,1
tor,4
tos,2
tpa,2
tpar,1
tpas,2
tpb,2
tpc,2
tpd,4
tpe,1
tped,2
tpep,1
tpg,2
tph,2
tpi,2
tpj,1
tpk,2
tpl,2
tpm,2
tpn,2
tpo,2
tpp,2
tpq,2
tpr,2
tpro,4
tpt,1
tpu,2
tpw,2
tpx,2
tpy,2
tpyo,1
tpz,3
tra,2
trm,2
tro,1
trq,1
trs,2
tsa,1
tsc,2
tsh,5
tsi,1
tsn,1
tsu,4
tta,1
tte,4
tth,2
tti,1
ttj,2
ttk,1
ttl,2
ttm,5
ttn,1
tto,5
ttr,2
tts,2
ttu,3
tur,2
tuz,1
tvi,3
tvo,1
tvr,1
twh,1
twi,4
tws,1
txi,4
txy,5
tye,1
udi,1
upa,2
uue,2
uur,2
vaa,2
vag,11
van,7
vap,2
vau,8
vbr,3
vca,10
vce,7
vcf,8
vch,8
vci,8
vcj,7
vcl,8
vcm,7
vco,8
vcq,9
vcr,8
vcs,7
vct,6
vcx,10
vcy,11
vcz,7
vdi,1
vei,3
vej,9
vex,11
vfi,12
vfl,10
vfm,1
vfu,7
vha,11
vhl,8
vhr,12
vig,2
vin,3
vir,7
vma,3
vmi,9
vmo,1
vna,4
vni,8
vok,1
vpa,11
vpb,11
vpd,2
vpe,2
vpf,12
vph,8
vpi,4
vpk,11
vpr,4
vsa,12
vsc,3
vsp,8
vte,6
vtu,10
vvl,8
vvm,9
vvu,9
vvy,9
wbm,1
wbr,2
wcb,8
wce,6
wch,2
wci,6
wcl,1
wct,6
wed,1
wen,1
wfu,1
wgl,2
wij,1
win,2
wko,5
wma,1
woc,1
wol,1
woo,1
wpi,1
wri,1
wvi,5
wwe,1
xac,2
xal,2
xao,2
xau,2
xax,2
xbo,7
xbv,7
xca,2
xcb,2
xcc,2
xce,3
xcf,2
xci,2
xcj,2
xcm,2
xcn,2
xcp,2
xcr,2
xct,2
xcu,2
xcw,2
xdo,7
xfa,2
xff,2
xfl,2
xfm,2
xfn,2
xfr,1
xfs,2
xft,2
xfu,2
xga,1
xho,1
xne,7
xnm,7
xom,2
xoo,2
xop,2
xor,2
xoy,2
xoz,2
xpe,1
xpo,7
xsa,2
xtn,2
xve,1
yak,7
yal,7
yan,5
yef,9
yel,7
yen,7
yep,7
yet,7
yew,7
yey,7
yfr,7
yin,7
ykr,7
ypa,7
ypb,7
ypc,7
ypd,6
ype,6
ypf,7
ypg,7
yph,7
ypi,7
ypj,7
ypk,7
ypl,6
ypm,7
ypn,7
ypo,7
ypp,7
ypq,7
ypr,7
yps,6
ypt,6
ypu,7
ypv,6
ypw,6
ypx,6
ypy,7
ypz,6
yrb,7
yro,7
yru,7
ysi,7
zal,3
zga,2
zin,1
zmb,3
zmc,3
zmi,2
zmm,2
zmn,3
zmo,3
zmp,3
zmr,3
zpr,3
